{"flutter":{"platforms":{"android":{"default":{"projectId":"pure-health-clinic","appId":"1:789472975334:android:079b530b0cd46f3c9b9e27","fileOutput":"android/app/google-services.json"}},"dart":{"lib/firebase_options.dart":{"projectId":"pure-health-clinic","configurations":{"android":"1:789472975334:android:079b530b0cd46f3c9b9e27","ios":"1:789472975334:ios:9adfc10e9c6341399b9e27","macos":"1:789472975334:ios:9adfc10e9c6341399b9e27","web":"1:789472975334:web:550bcb4240422b299b9e27","windows":"1:789472975334:web:fdd183da3368d3279b9e27"}}}}}}